benchmark,implementation,sample,operations,nanoseconds,checksum
profile-checkpoint,snapshot,0,1,11808000,15378766449629180008
profile-checkpoint,snapshot,1,1,12050700,15378766449629180008
profile-checkpoint,snapshot,2,1,10115900,15378766449629180008
profile-checkpoint,snapshot,3,1,10345700,15378766449629180008
profile-checkpoint,snapshot,4,1,10794500,15378766449629180008
profile-checkpoint,snapshot,5,1,10239100,15378766449629180008
profile-checkpoint,snapshot,6,1,11467100,15378766449629180008
profile-checkpoint,snapshot,7,1,12832500,15378766449629180008
profile-checkpoint,snapshot,8,1,11850100,15378766449629180008
profile-checkpoint,snapshot,9,1,11526800,15378766449629180008
profile-checkpoint,snapshot,10,1,11196100,15378766449629180008
profile-checkpoint,snapshot,11,1,11087800,15378766449629180008
profile-checkpoint,snapshot,12,1,11535700,15378766449629180008
profile-checkpoint,snapshot,13,1,12371600,15378766449629180008
profile-checkpoint,snapshot,14,1,11049100,15378766449629180008
profile-checkpoint,insert-exact,0,1,27179700,4625247251222736821
profile-checkpoint,insert-exact,1,1,27169600,4625247251222736821
profile-checkpoint,insert-exact,2,1,27460500,4625247251222736821
profile-checkpoint,insert-exact,3,1,27719200,4625247251222736821
profile-checkpoint,insert-exact,4,1,27343100,4625247251222736821
profile-checkpoint,insert-exact,5,1,27316900,4625247251222736821
profile-checkpoint,insert-exact,6,1,27343000,4625247251222736821
profile-checkpoint,insert-exact,7,1,28780100,4625247251222736821
profile-checkpoint,insert-exact,8,1,27613200,4625247251222736821
profile-checkpoint,insert-exact,9,1,27996800,4625247251222736821
profile-checkpoint,insert-exact,10,1,34177800,4625247251222736821
profile-checkpoint,insert-exact,11,1,31846600,4625247251222736821
profile-checkpoint,insert-exact,12,1,28779100,4625247251222736821
profile-checkpoint,insert-exact,13,1,27112500,4625247251222736821
profile-checkpoint,insert-exact,14,1,31784000,4625247251222736821
profile-checkpoint,replay-exact,0,1,32454800,12549573586291003927
profile-checkpoint,replay-exact,1,1,33273300,12549573586291003927
profile-checkpoint,replay-exact,2,1,32927300,12549573586291003927
profile-checkpoint,replay-exact,3,1,34432700,12549573586291003927
profile-checkpoint,replay-exact,4,1,39021700,12549573586291003927
profile-checkpoint,replay-exact,5,1,33669000,12549573586291003927
profile-checkpoint,replay-exact,6,1,33179000,12549573586291003927
profile-checkpoint,replay-exact,7,1,33348800,12549573586291003927
profile-checkpoint,replay-exact,8,1,33896500,12549573586291003927
profile-checkpoint,replay-exact,9,1,33326600,12549573586291003927
profile-checkpoint,replay-exact,10,1,33998600,12549573586291003927
profile-checkpoint,replay-exact,11,1,32770400,12549573586291003927
profile-checkpoint,replay-exact,12,1,30990600,12549573586291003927
profile-checkpoint,replay-exact,13,1,30580600,12549573586291003927
profile-checkpoint,replay-exact,14,1,30579500,12549573586291003927
profile-checkpoint,persistent-apply-two-cell,0,16384,2261100,4167613253049000741
profile-checkpoint,persistent-apply-two-cell,1,16384,2260100,4167613253049000741
profile-checkpoint,persistent-apply-two-cell,2,16384,2257700,4167613253049000741
profile-checkpoint,persistent-apply-two-cell,3,16384,2338300,4167613253049000741
profile-checkpoint,persistent-apply-two-cell,4,16384,2270800,4167613253049000741
profile-checkpoint,persistent-apply-two-cell,5,16384,2254000,4167613253049000741
profile-checkpoint,persistent-apply-two-cell,6,16384,2256300,4167613253049000741
profile-checkpoint,persistent-apply-two-cell,7,16384,2276200,4167613253049000741
profile-checkpoint,persistent-apply-two-cell,8,16384,2259000,4167613253049000741
profile-checkpoint,persistent-apply-two-cell,9,16384,2383800,4167613253049000741
profile-checkpoint,persistent-apply-two-cell,10,16384,2260700,4167613253049000741
profile-checkpoint,persistent-apply-two-cell,11,16384,2272400,4167613253049000741
profile-checkpoint,persistent-apply-two-cell,12,16384,2256700,4167613253049000741
profile-checkpoint,persistent-apply-two-cell,13,16384,2253600,4167613253049000741
profile-checkpoint,persistent-apply-two-cell,14,16384,2305400,4167613253049000741
profile-checkpoint,persistent-read-latest,0,16384,322000,13171888774626517797
profile-checkpoint,persistent-read-latest,1,16384,305000,13171888774626517797
profile-checkpoint,persistent-read-latest,2,16384,295500,13171888774626517797
profile-checkpoint,persistent-read-latest,3,16384,297500,13171888774626517797
profile-checkpoint,persistent-read-latest,4,16384,301600,13171888774626517797
profile-checkpoint,persistent-read-latest,5,16384,295200,13171888774626517797
profile-checkpoint,persistent-read-latest,6,16384,295200,13171888774626517797
profile-checkpoint,persistent-read-latest,7,16384,301900,13171888774626517797
profile-checkpoint,persistent-read-latest,8,16384,295200,13171888774626517797
profile-checkpoint,persistent-read-latest,9,16384,294600,13171888774626517797
profile-checkpoint,persistent-read-latest,10,16384,303000,13171888774626517797
profile-checkpoint,persistent-read-latest,11,16384,295600,13171888774626517797
profile-checkpoint,persistent-read-latest,12,16384,295500,13171888774626517797
profile-checkpoint,persistent-read-latest,13,16384,302100,13171888774626517797
profile-checkpoint,persistent-read-latest,14,16384,294700,13171888774626517797
profile-checkpoint,persistent-read-latest-depth-1,0,16384,293600,10912027532953821989
profile-checkpoint,persistent-read-latest-depth-1,1,16384,301800,10912027532953821989
profile-checkpoint,persistent-read-latest-depth-1,2,16384,293300,10912027532953821989
profile-checkpoint,persistent-read-latest-depth-1,3,16384,294000,10912027532953821989
profile-checkpoint,persistent-read-latest-depth-1,4,16384,311700,10912027532953821989
profile-checkpoint,persistent-read-latest-depth-1,5,16384,293200,10912027532953821989
profile-checkpoint,persistent-read-latest-depth-1,6,16384,293900,10912027532953821989
profile-checkpoint,persistent-read-latest-depth-1,7,16384,293600,10912027532953821989
profile-checkpoint,persistent-read-latest-depth-1,8,16384,294000,10912027532953821989
profile-checkpoint,persistent-read-latest-depth-1,9,16384,293500,10912027532953821989
profile-checkpoint,persistent-read-latest-depth-1,10,16384,324400,10912027532953821989
profile-checkpoint,persistent-read-latest-depth-1,11,16384,313500,10912027532953821989
profile-checkpoint,persistent-read-latest-depth-1,12,16384,295200,10912027532953821989
profile-checkpoint,persistent-read-latest-depth-1,13,16384,293700,10912027532953821989
profile-checkpoint,persistent-read-latest-depth-1,14,16384,296500,10912027532953821989
profile-checkpoint,persistent-read-root-depth-1,0,16384,299400,6223406958553047845
profile-checkpoint,persistent-read-root-depth-1,1,16384,298900,6223406958553047845
profile-checkpoint,persistent-read-root-depth-1,2,16384,302000,6223406958553047845
profile-checkpoint,persistent-read-root-depth-1,3,16384,304600,6223406958553047845
profile-checkpoint,persistent-read-root-depth-1,4,16384,299400,6223406958553047845
profile-checkpoint,persistent-read-root-depth-1,5,16384,301900,6223406958553047845
profile-checkpoint,persistent-read-root-depth-1,6,16384,306700,6223406958553047845
profile-checkpoint,persistent-read-root-depth-1,7,16384,298900,6223406958553047845
profile-checkpoint,persistent-read-root-depth-1,8,16384,299000,6223406958553047845
profile-checkpoint,persistent-read-root-depth-1,9,16384,306700,6223406958553047845
profile-checkpoint,persistent-read-root-depth-1,10,16384,299300,6223406958553047845
profile-checkpoint,persistent-read-root-depth-1,11,16384,345800,6223406958553047845
profile-checkpoint,persistent-read-root-depth-1,12,16384,306900,6223406958553047845
profile-checkpoint,persistent-read-root-depth-1,13,16384,299300,6223406958553047845
profile-checkpoint,persistent-read-root-depth-1,14,16384,299300,6223406958553047845
profile-checkpoint,persistent-read-latest-depth-8,0,16384,297500,8321053844470768421
profile-checkpoint,persistent-read-latest-depth-8,1,16384,293700,8321053844470768421
profile-checkpoint,persistent-read-latest-depth-8,2,16384,338000,8321053844470768421
profile-checkpoint,persistent-read-latest-depth-8,3,16384,308900,8321053844470768421
profile-checkpoint,persistent-read-latest-depth-8,4,16384,307900,8321053844470768421
profile-checkpoint,persistent-read-latest-depth-8,5,16384,312900,8321053844470768421
profile-checkpoint,persistent-read-latest-depth-8,6,16384,294100,8321053844470768421
profile-checkpoint,persistent-read-latest-depth-8,7,16384,296500,8321053844470768421
profile-checkpoint,persistent-read-latest-depth-8,8,16384,293500,8321053844470768421
profile-checkpoint,persistent-read-latest-depth-8,9,16384,293600,8321053844470768421
profile-checkpoint,persistent-read-latest-depth-8,10,16384,296200,8321053844470768421
profile-checkpoint,persistent-read-latest-depth-8,11,16384,293500,8321053844470768421
profile-checkpoint,persistent-read-latest-depth-8,12,16384,293500,8321053844470768421
profile-checkpoint,persistent-read-latest-depth-8,13,16384,293400,8321053844470768421
profile-checkpoint,persistent-read-latest-depth-8,14,16384,293900,8321053844470768421
profile-checkpoint,persistent-read-root-depth-8,0,16384,374100,6223406958553047845
profile-checkpoint,persistent-read-root-depth-8,1,16384,387100,6223406958553047845
profile-checkpoint,persistent-read-root-depth-8,2,16384,383000,6223406958553047845
profile-checkpoint,persistent-read-root-depth-8,3,16384,380400,6223406958553047845
profile-checkpoint,persistent-read-root-depth-8,4,16384,374100,6223406958553047845
profile-checkpoint,persistent-read-root-depth-8,5,16384,374400,6223406958553047845
profile-checkpoint,persistent-read-root-depth-8,6,16384,380000,6223406958553047845
profile-checkpoint,persistent-read-root-depth-8,7,16384,381000,6223406958553047845
profile-checkpoint,persistent-read-root-depth-8,8,16384,374000,6223406958553047845
profile-checkpoint,persistent-read-root-depth-8,9,16384,566000,6223406958553047845
profile-checkpoint,persistent-read-root-depth-8,10,16384,501800,6223406958553047845
profile-checkpoint,persistent-read-root-depth-8,11,16384,493500,6223406958553047845
profile-checkpoint,persistent-read-root-depth-8,12,16384,386800,6223406958553047845
profile-checkpoint,persistent-read-root-depth-8,13,16384,379800,6223406958553047845
profile-checkpoint,persistent-read-root-depth-8,14,16384,374000,6223406958553047845
profile-checkpoint,persistent-read-latest-depth-64,0,8192,147600,217943758197170981
profile-checkpoint,persistent-read-latest-depth-64,1,8192,147900,217943758197170981
profile-checkpoint,persistent-read-latest-depth-64,2,8192,150800,217943758197170981
profile-checkpoint,persistent-read-latest-depth-64,3,8192,147600,217943758197170981
profile-checkpoint,persistent-read-latest-depth-64,4,8192,147500,217943758197170981
profile-checkpoint,persistent-read-latest-depth-64,5,8192,155600,217943758197170981
profile-checkpoint,persistent-read-latest-depth-64,6,8192,147300,217943758197170981
profile-checkpoint,persistent-read-latest-depth-64,7,8192,147500,217943758197170981
profile-checkpoint,persistent-read-latest-depth-64,8,8192,148700,217943758197170981
profile-checkpoint,persistent-read-latest-depth-64,9,8192,147500,217943758197170981
profile-checkpoint,persistent-read-latest-depth-64,10,8192,147400,217943758197170981
profile-checkpoint,persistent-read-latest-depth-64,11,8192,147300,217943758197170981
profile-checkpoint,persistent-read-latest-depth-64,12,8192,147500,217943758197170981
profile-checkpoint,persistent-read-latest-depth-64,13,8192,147800,217943758197170981
profile-checkpoint,persistent-read-latest-depth-64,14,8192,160200,217943758197170981
profile-checkpoint,persistent-read-root-depth-64,0,8192,1191700,11424002540886352677
profile-checkpoint,persistent-read-root-depth-64,1,8192,1186500,11424002540886352677
profile-checkpoint,persistent-read-root-depth-64,2,8192,1186300,11424002540886352677
profile-checkpoint,persistent-read-root-depth-64,3,8192,1194200,11424002540886352677
profile-checkpoint,persistent-read-root-depth-64,4,8192,1227500,11424002540886352677
profile-checkpoint,persistent-read-root-depth-64,5,8192,1197800,11424002540886352677
profile-checkpoint,persistent-read-root-depth-64,6,8192,1275400,11424002540886352677
profile-checkpoint,persistent-read-root-depth-64,7,8192,1200200,11424002540886352677
profile-checkpoint,persistent-read-root-depth-64,8,8192,1191500,11424002540886352677
profile-checkpoint,persistent-read-root-depth-64,9,8192,1237600,11424002540886352677
profile-checkpoint,persistent-read-root-depth-64,10,8192,1186700,11424002540886352677
profile-checkpoint,persistent-read-root-depth-64,11,8192,1193100,11424002540886352677
profile-checkpoint,persistent-read-root-depth-64,12,8192,1191000,11424002540886352677
profile-checkpoint,persistent-read-root-depth-64,13,8192,1187000,11424002540886352677
profile-checkpoint,persistent-read-root-depth-64,14,8192,1186800,11424002540886352677
profile-checkpoint,persistent-read-latest-depth-512,0,2048,117000,13040278181342372645
profile-checkpoint,persistent-read-latest-depth-512,1,2048,37600,13040278181342372645
profile-checkpoint,persistent-read-latest-depth-512,2,2048,37000,13040278181342372645
profile-checkpoint,persistent-read-latest-depth-512,3,2048,36900,13040278181342372645
profile-checkpoint,persistent-read-latest-depth-512,4,2048,36900,13040278181342372645
profile-checkpoint,persistent-read-latest-depth-512,5,2048,37000,13040278181342372645
profile-checkpoint,persistent-read-latest-depth-512,6,2048,37000,13040278181342372645
profile-checkpoint,persistent-read-latest-depth-512,7,2048,36900,13040278181342372645
profile-checkpoint,persistent-read-latest-depth-512,8,2048,36900,13040278181342372645
profile-checkpoint,persistent-read-latest-depth-512,9,2048,36900,13040278181342372645
profile-checkpoint,persistent-read-latest-depth-512,10,2048,36900,13040278181342372645
profile-checkpoint,persistent-read-latest-depth-512,11,2048,36900,13040278181342372645
profile-checkpoint,persistent-read-latest-depth-512,12,2048,37000,13040278181342372645
profile-checkpoint,persistent-read-latest-depth-512,13,2048,37000,13040278181342372645
profile-checkpoint,persistent-read-latest-depth-512,14,2048,37900,13040278181342372645
profile-checkpoint,persistent-read-root-depth-512,0,2048,3543800,1048150029568955173
profile-checkpoint,persistent-read-root-depth-512,1,2048,3284400,1048150029568955173
profile-checkpoint,persistent-read-root-depth-512,2,2048,3159600,1048150029568955173
profile-checkpoint,persistent-read-root-depth-512,3,2048,3154200,1048150029568955173
profile-checkpoint,persistent-read-root-depth-512,4,2048,3153300,1048150029568955173
profile-checkpoint,persistent-read-root-depth-512,5,2048,3182900,1048150029568955173
profile-checkpoint,persistent-read-root-depth-512,6,2048,3227500,1048150029568955173
profile-checkpoint,persistent-read-root-depth-512,7,2048,3180600,1048150029568955173
profile-checkpoint,persistent-read-root-depth-512,8,2048,3179300,1048150029568955173
profile-checkpoint,persistent-read-root-depth-512,9,2048,3141700,1048150029568955173
profile-checkpoint,persistent-read-root-depth-512,10,2048,3626400,1048150029568955173
profile-checkpoint,persistent-read-root-depth-512,11,2048,3188100,1048150029568955173
profile-checkpoint,persistent-read-root-depth-512,12,2048,3142500,1048150029568955173
profile-checkpoint,persistent-read-root-depth-512,13,2048,3149700,1048150029568955173
profile-checkpoint,persistent-read-root-depth-512,14,2048,3151400,1048150029568955173
profile-checkpoint,persistent-read-latest-depth-4096,0,256,5300,17165412970885540645
profile-checkpoint,persistent-read-latest-depth-4096,1,256,4800,17165412970885540645
profile-checkpoint,persistent-read-latest-depth-4096,2,256,4700,17165412970885540645
profile-checkpoint,persistent-read-latest-depth-4096,3,256,4800,17165412970885540645
profile-checkpoint,persistent-read-latest-depth-4096,4,256,4800,17165412970885540645
profile-checkpoint,persistent-read-latest-depth-4096,5,256,4800,17165412970885540645
profile-checkpoint,persistent-read-latest-depth-4096,6,256,4800,17165412970885540645
profile-checkpoint,persistent-read-latest-depth-4096,7,256,4700,17165412970885540645
profile-checkpoint,persistent-read-latest-depth-4096,8,256,4800,17165412970885540645
profile-checkpoint,persistent-read-latest-depth-4096,9,256,4800,17165412970885540645
profile-checkpoint,persistent-read-latest-depth-4096,10,256,4800,17165412970885540645
profile-checkpoint,persistent-read-latest-depth-4096,11,256,4700,17165412970885540645
profile-checkpoint,persistent-read-latest-depth-4096,12,256,4700,17165412970885540645
profile-checkpoint,persistent-read-latest-depth-4096,13,256,4800,17165412970885540645
profile-checkpoint,persistent-read-latest-depth-4096,14,256,4800,17165412970885540645
profile-checkpoint,persistent-read-root-depth-4096,0,256,5480200,12737079839697574181
profile-checkpoint,persistent-read-root-depth-4096,1,256,5269800,12737079839697574181
profile-checkpoint,persistent-read-root-depth-4096,2,256,5334800,12737079839697574181
profile-checkpoint,persistent-read-root-depth-4096,3,256,5299800,12737079839697574181
profile-checkpoint,persistent-read-root-depth-4096,4,256,5261300,12737079839697574181
profile-checkpoint,persistent-read-root-depth-4096,5,256,5301800,12737079839697574181
profile-checkpoint,persistent-read-root-depth-4096,6,256,5276700,12737079839697574181
profile-checkpoint,persistent-read-root-depth-4096,7,256,5255300,12737079839697574181
profile-checkpoint,persistent-read-root-depth-4096,8,256,5340200,12737079839697574181
profile-checkpoint,persistent-read-root-depth-4096,9,256,5355300,12737079839697574181
profile-checkpoint,persistent-read-root-depth-4096,10,256,5360300,12737079839697574181
profile-checkpoint,persistent-read-root-depth-4096,11,256,5334600,12737079839697574181
profile-checkpoint,persistent-read-root-depth-4096,12,256,5372900,12737079839697574181
profile-checkpoint,persistent-read-root-depth-4096,13,256,5306300,12737079839697574181
profile-checkpoint,persistent-read-root-depth-4096,14,256,5312300,12737079839697574181
