repetition,strategy_id,unique_search_states,generated_successors,independent_verifier_calls,peak_frontier_states,semantic_sha256,elapsed_nanoseconds
0,raw-visit-count-state-v1,10000,10000,10000,10000,fd3644058b415d3acc091d0b837111948ff640132f7c8093fca562d553bdb527,106369300
0,exact-history-residue-state-v1,6496,10000,6496,6496,fd3644058b415d3acc091d0b837111948ff640132f7c8093fca562d553bdb527,268365700
1,raw-visit-count-state-v1,10000,10000,10000,10000,fd3644058b415d3acc091d0b837111948ff640132f7c8093fca562d553bdb527,92834300
1,exact-history-residue-state-v1,6496,10000,6496,6496,fd3644058b415d3acc091d0b837111948ff640132f7c8093fca562d553bdb527,202653700
2,raw-visit-count-state-v1,10000,10000,10000,10000,fd3644058b415d3acc091d0b837111948ff640132f7c8093fca562d553bdb527,84090300
2,exact-history-residue-state-v1,6496,10000,6496,6496,fd3644058b415d3acc091d0b837111948ff640132f7c8093fca562d553bdb527,216353000
3,raw-visit-count-state-v1,10000,10000,10000,10000,fd3644058b415d3acc091d0b837111948ff640132f7c8093fca562d553bdb527,96384900
3,exact-history-residue-state-v1,6496,10000,6496,6496,fd3644058b415d3acc091d0b837111948ff640132f7c8093fca562d553bdb527,252708900
4,raw-visit-count-state-v1,10000,10000,10000,10000,fd3644058b415d3acc091d0b837111948ff640132f7c8093fca562d553bdb527,105515000
4,exact-history-residue-state-v1,6496,10000,6496,6496,fd3644058b415d3acc091d0b837111948ff640132f7c8093fca562d553bdb527,244447500
